coord_lat,coord_lon,temp,feels_like,temp_min,temp_max,humidity,wind_speed,wind_deg,clouds_all,rain_1h
36,140,291.88,292.16,291,292.18,90,1.95,357,100,
36,140,291.88,292.16,291,292.18,90,1.95,357,100,
36,140,291.52,291.68,290.29,292.18,87,2.22,324,100,
36,140,293.77,294.19,292.25,295.51,88,2.06,260,75,
36,140,300.05,299.71,297.11,301.45,35,4.1,307,80,
36,140,292.54,291.53,290.51,293.68,38,10.43,327,0,
36,140,290.77,289.63,289.4,292.05,40,8.84,321,3,
36,140,295.82,294.82,294.29,297.57,26,7.89,303,0,
36,140,298.8,298.13,296.29,300.9,27,7.72,290,20,
36,140,293.93,293.06,290.44,295.34,38,7.66,318,5,
36,140,291.35,290.27,285.29,293.12,40,4.5,331,62,
36,140,295.68,294.75,294.23,297.55,29,3.46,336,14,
36,140,299.31,299.31,294.29,300.34,25,2.63,61,37,
36,140,292.74,291.93,289.4,294.79,45,1.74,18,68,
36,140,290.68,289.87,281.29,291.45,53,1.69,12,90,
36,140,295,294.28,293.68,297,40,2.59,54,100,
36,140,294.16,293.49,292.29,294.4,45,4.7,83,91,1.13
36,140,290.79,290.25,289.29,291.58,63,2.55,356,100,
36,140,288.83,288.67,287.02,289.79,85,3.79,15,100,0.38
36,140,288.93,289.07,288.11,290.51,96,5.38,26,100,1.78
36,140,290.66,290.97,289.24,292.18,96,3.87,15,100,0.42
36,140,290.37,290.47,289.33,291.07,89,4.02,317,100,0.11
36,140,290.31,290.48,289.78,291.07,92,4.11,316,100,0.68
36,140,294.62,294.99,293.12,297.02,83,1.03,0,75,
36,140,299.95,300.44,298.29,300.47,51,0.48,268,87,
36,140,293.01,292.93,289.29,294.79,72,1.81,359,1,
36,140,291.46,291.12,286.29,293.68,68,2.54,325,28,
36,140,294.54,293.78,292.34,295.91,40,2.95,8,89,
36,140,298.64,298.11,294.29,299.78,33,3.41,53,93,
36,140,293.21,292.81,289.4,295.9,59,2.44,49,100,
36,140,290.6,289.94,287.34,292.56,59,2.2,26,92,
36,140,294.6,294.13,293.34,296.46,51,2.39,50,37,
36,140,296.59,296.24,294.29,297.14,48,3.85,105,61,
36,140,292.94,292.62,287.29,295.9,63,2.99,61,100,
36,140,290.4,290.03,287.18,292.56,71,2.09,17,28,
36,140,294.42,293.62,293.34,295.91,39,2.42,6,0,
36,140,297.38,296.49,294.29,298.69,24,2.8,65,36,
36,140,290.56,289.74,288.34,292.6,53,0.96,45,23,
36,140,290.15,289.34,283.29,290.34,55,1.67,327,52,
36,140,292.72,291.7,291.45,294.4,37,1.64,245,95,
36,140,296.05,295.57,295.11,296.58,45,4.06,185,57,
36,140,294.72,294.53,288.29,296.45,61,3.86,176,100,
36,140,289.6,289.26,288.67,291.07,75,2.26,264,100,1.54
36,140,288.32,288.4,287.28,289.79,96,5.08,345,100,2.05
36,140,290.62,290.72,289.29,291.45,88,4.33,315,100,
36,140,290.54,290.5,286.29,292.56,83,2.09,257,0,
36,140,288.5,287.92,284.29,290.34,70,2.91,298,0,
36,140,294.77,294.21,294.11,295.94,47,2.09,314,0,
36,140,299.44,299.44,296.29,299.8,35,1.03,183,0,
36,140,294.23,294.2,287.29,296.45,69,1.44,175,2,
36,140,290.82,290.76,286.29,293.12,81,2.05,319,0,
36,140,295.66,295.45,294.29,297.11,57,1.26,356,0,
36,140,299.6,299.6,295.29,300.91,36,1.5,55,0,
36,140,292.81,292.14,289.34,295.34,50,0.71,214,0,
36,140,290.64,289.88,283.29,292.01,55,2.01,338,0,
36,140,294.69,294.07,293.11,296.07,45,0.94,12,29,
36,140,297.78,297.71,295.29,298.25,54,3.31,135,43,
36,140,292.35,292.13,289.29,294.27,69,0.94,131,100,
36,140,291.42,291.44,287.29,293.68,82,0.47,134,56,
36,140,295.92,295.66,295.11,297.57,54,2.01,233,100,
36,140,298.65,298.4,297.11,299.24,44,3.72,179,100,
36,140,295.19,295.09,292.11,297.01,63,5.18,201,100,
36,140,292.29,292.04,289.34,293.68,68,3.82,229,23,
36,140,297.38,297.09,295.9,299.92,47,6.94,219,1,
36,140,298.36,298.53,297.34,299.36,61,9.77,190,40,
36,140,296.81,296.51,295.29,297.6,49,3.49,292,9,
36,140,294.02,293.86,291,295.34,65,2.52,103,69,
36,140,294.61,293.96,291.29,294.79,44,2.77,61,50,
36,140,295.88,295.2,292.29,296.03,38,3.55,145,83,
36,140,290.58,289.68,285.29,292.56,50,3.93,9,100,
36,140,286.72,285.44,281.29,288.68,50,3.7,27,49,
36,140,291.28,290.04,289.29,292.18,34,1.12,168,60,
36,140,293.76,292.74,291.29,294.78,33,4.33,196,13,
36,140,291.57,290.83,286.29,293.12,52,2.07,154,99,
36,140,289.2,288.45,281.29,289.23,61,2.09,7,82,
36,140,291.68,290.66,290.34,293.29,41,2.34,339,81,
36,140,296.7,296,293.11,297.69,34,2.11,73,68,
36,140,292.16,291.79,285.29,294.23,64,1.64,46,6,
36,140,288.39,287.95,283.29,289.79,76,1.99,350,8,
36,140,293.54,293.12,293.11,295.29,57,2.09,358,61,
36,140,296.89,296.34,294.29,298.25,39,1.71,65,16,
36,140,292.71,292.6,287.29,295.34,72,2.06,83,33,
36,140,290.1,289.99,285.29,291.45,82,1.47,31,71,
36,140,294.37,294.11,292.11,295.51,60,1.59,349,49,
36,140,296.2,295.87,294.11,297.01,50,1.74,33,91,
36,140,291.63,291.41,288.29,292.56,72,1.91,341,32,0.31
36,140,288.74,288.18,284.29,290.34,70,2.07,326,10,
36,140,293.49,292.65,293.12,294.4,41,1.96,342,0,
36,140,297.71,296.9,294.11,298.67,26,1.51,20,0,
36,140,292.51,291.86,286.29,295.34,52,2.21,121,73,
36,140,290.26,289.7,284.29,292.01,64,1.38,105,61,
36,140,294.35,293.88,292.6,296.44,52,1.87,113,5,
36,140,296.73,295.98,294.29,298.22,32,2.73,183,0,
36,140,292.09,291.66,286.29,294.23,62,1.89,51,9,
36,140,289.22,288.79,284.29,290.9,73,1.5,7,11,
36,140,290.53,290.62,288.25,294.29,88,2.57,300,75,0.18
36,140,295.28,294.88,292.34,297.11,51,2.79,43,49,
36,140,291.24,290.88,285.29,293.68,68,1.26,350,31,
36,140,289.59,288.99,285.34,290.9,65,2.1,329,39,
36,140,290.16,289.87,287.11,291.46,75,2.07,296,100,0.49
36,140,292.97,292.65,289.89,295.91,63,2.57,300,75,
36,140,289.74,288.81,287.18,291.45,52,2.55,336,22,
36,140,288.12,287.11,282.29,289.23,55,2.33,311,9,
36,140,292.79,291.96,291.45,294.78,44,0.53,334,0,
36,140,295.86,295.28,293.29,296.46,42,2.13,86,0,
36,140,291.84,291.25,286.29,293.68,57,1.79,122,85,
36,140,289.64,289.07,284.29,291.45,66,1.89,75,82,
36,140,292.83,292.45,291.12,295.44,61,2.07,66,100,
36,140,295.26,294.68,293.11,295.9,44,1.74,113,82,0.46
36,140,291.98,291.8,287.29,294.79,72,1.63,178,25,
36,140,289.63,289.37,284.29,290.9,78,0.75,103,20,
36,140,294.2,293.88,292.56,296.07,58,1.29,328,0,
36,140,297.1,296.6,294.11,297.57,40,1.7,220,0,
36,140,292.9,292.73,289.34,294.79,69,2.37,184,0,
36,140,290.2,289.53,283.29,291.45,60,1.46,280,0,
36,140,295.18,294.48,292.29,297.69,40,2.01,316,0,
36,140,299.22,299.22,295.29,300.35,30,1.97,89,0,
36,140,293.71,293.28,285.29,296.45,56,1.6,66,0,
36,140,288.42,287.54,283.29,292.01,59,1.16,21,0,
36,140,294.09,293.41,292.01,296.46,45,0.73,326,0,
36,140,298.06,297.6,296.34,299.24,38,2.96,189,0,
36,140,294.36,294.44,290.34,296.45,73,2.13,144,0,
36,140,290.12,289.52,288.28,292.56,63,2.34,196,3,
36,140,294.79,294.32,293.68,297.34,50,1.89,223,81,
36,140,298.58,298.41,296.11,299.8,47,2.66,168,93,
36,140,294.63,294.24,289.29,297.01,54,3.82,67,95,
36,140,292.74,292.43,289.33,294.4,64,3.16,60,100,
36,140,295.48,295.67,294.29,296.44,73,5.14,60,75,
36,140,296.67,296.57,294.29,297.56,57,4.01,65,86,
36,140,293.3,293.49,291.34,294.79,81,1.75,71,0,
36,140,291.68,291.86,289.89,293.68,87,1.2,106,15,
36,140,296.01,295.79,294.4,297.66,55,6.59,190,15,
36,140,295.98,296.22,294.11,297.02,73,6.17,180,75,
36,140,296.41,296.83,294.29,297.56,78,8.93,187,100,1.5
36,140,296.51,296.96,295.29,297.14,79,11.36,189,100,0.32
36,140,297.61,298.28,296.12,298.68,83,8.75,210,75,0.92
36,140,299.32,299.32,298.11,299.78,59,1.52,306,86,
36,140,293.18,292.78,291.34,294.79,59,2.78,16,74,
36,140,290.44,289.63,285.34,292.01,54,1.3,18,29,
36,140,292.61,291.68,292.11,293.16,41,1.98,90,0,
36,140,295.62,294.91,292.29,296.46,38,3.77,108,0,
36,140,290.6,289.81,288.34,293.12,54,2.8,107,5,
36,140,288.97,288.17,283.29,290.9,60,1.27,55,4,
36,140,291.94,291.13,291.11,292.29,48,1.63,115,7,
36,140,294.36,294,292.29,295.91,56,2.57,90,75,
36,140,292.95,292.53,288.34,294.79,59,1.58,141,48,
36,140,289.86,289.26,283.29,290.9,64,1.44,125,39,
36,140,290.88,290.46,290.11,292.34,67,2.3,251,100,0.95
36,140,290.32,289.97,289.28,291.45,72,3.63,196,100,0.64
36,140,288.56,287.91,287.28,290.34,67,2.69,302,100,
36,140,289.38,288.96,286.29,290.34,73,0.34,330,88,
36,140,288.34,287.09,286.29,288.81,45,3.11,54,100,
36,140,287.67,286.3,286,288.25,43,2.96,118,100,
36,140,286.9,285.77,283.78,288.68,55,3.17,111,100,
36,140,283.95,282.6,283.29,284.36,58,3.11,76,99,0.13
36,140,283.25,282.35,281.34,284.4,78,2.4,18,100,1.27
36,140,284.76,283.99,283.11,285.9,77,2.57,10,100,0.21
36,140,283.62,282.71,282.11,284.4,76,3.14,6,100,0.19
36,140,281.7,279.28,281,282.14,79,4.18,9,100,
36,140,283.13,282.53,283.12,285.11,66,1.75,46,100,
36,140,288.88,287.32,287.29,289.92,31,6.69,290,20,
36,140,284.03,281.98,282,285.9,31,7.74,314,0,
36,140,283.51,281.54,279.34,284.79,36,4.68,319,0,
36,140,287.88,286.14,286.34,289.4,28,3.96,294,0,
36,140,290.92,289.46,289.34,290.94,27,2.55,198,1,
36,140,287.5,286.3,283.34,289.79,50,1.66,103,100,
36,140,284.37,283.45,283.11,285.9,73,4.13,47,98,
36,140,286.39,285.6,285.94,288.34,70,2.85,16,98,
36,140,287.67,286.74,286.29,288.29,60,2.31,61,99,
36,140,285.23,284.35,283.11,287.56,71,1.49,337,5,
36,140,282.85,282.62,280.34,284.23,74,1.35,12,0,
36,140,287.26,286.01,285.9,289.8,49,2.08,14,0,
36,140,290.84,289.81,289.29,291.44,44,3.37,73,23,
36,140,288.12,287.5,285.34,289.79,70,1.64,38,100,
36,140,285.7,285.02,283.29,286.45,77,1.28,359,100,0.4
36,140,285.31,284.75,284.12,287.29,83,1.34,232,100,1.03
36,140,286.61,286.62,285.44,287.56,100,3.6,240,100,
36,140,285.61,284.92,284.78,287.66,77,1.62,224,56,
36,140,285.41,284.49,283.29,287.11,69,2.91,172,29,
36,140,290.05,288.74,288.29,290.51,36,2.82,328,4,
36,140,290.05,288.4,286.29,290.9,23,2.98,229,55,
36,140,283.76,281.74,281.29,285.34,33,3.21,240,0,
36,140,282.46,281.42,280.51,283.68,32,2.14,199,3,
36,140,288.05,286.38,287.56,290.44,30,3.68,231,0,
36,140,293.95,292.92,291.11,294.4,32,1.51,186,4,
36,140,287.9,286.97,281.29,290.9,59,0.41,123,0,
36,140,285.24,284.15,277.29,285.34,63,2.03,319,0,
36,140,289.82,288.51,288.29,291.46,37,6.26,292,6,
36,140,290.45,289.07,289.27,291.07,32,9.37,335,2,
36,140,285.29,283.58,283.22,286.45,39,4.75,322,0,
36,140,282.53,282.04,277.34,284.23,48,1.55,312,0,
36,140,285.66,283.98,284.79,287.6,39,1.31,232,0,
36,140,292.04,291.21,288.11,293.13,47,3.91,207,1,
36,140,287.82,287.22,280.29,288.68,72,1.4,335,0,
36,140,284.2,282.61,277.29,284.23,48,1.5,325,0,
36,140,287.62,286.11,285.9,290.51,38,1.57,295,0,
36,140,294.16,293.26,291.11,295.44,36,1.4,200,0,
36,140,289.28,289.14,286.34,290.9,84,2.09,163,0,
36,140,286.52,285.56,285.34,287.01,63,1.1,267,17,
36,140,289.11,287.83,288.11,290.94,41,1.53,296,19,
36,140,293.92,293.36,292.29,294.79,50,2.74,208,85,
36,140,289.64,288.89,287.34,289.79,59,1.93,230,0,
36,140,286.91,285.99,280.29,287.01,63,1.4,220,0,
36,140,293.72,292.98,292.29,295.34,44,0.92,339,0,
36,140,296.94,295.98,294.33,298.67,23,5.19,319,0,
36,140,287.52,285.87,286.44,288.25,33,4.64,328,0,
36,140,283.77,281.98,281.07,285.34,42,2.9,34,21,
36,140,285.46,283.58,283.34,286.44,32,1.5,23,89,
36,140,287.64,285.82,285.29,288.68,26,3.82,291,20,
36,140,283.7,281.62,281.34,285.34,31,0.16,96,33,
36,140,281.73,281.06,279.29,282.14,42,1.61,47,100,
36,140,281.59,279.89,279.11,283.29,52,2.84,13,100,
36,140,281.33,279.12,280.89,282.18,87,3.6,10,100,
36,140,281.86,280.99,280.29,282.18,69,1.83,312,100,
36,140,281.86,281.86,280.44,282.18,58,1.2,342,68,
36,140,285.64,284.22,284.34,287.57,49,1.57,281,0,
36,140,289.63,288.4,287.11,290.51,41,1.23,197,0,
36,140,285.59,284.46,282.18,287.56,60,0.79,1,0,
36,140,285,283.86,283.13,288.34,62,1.17,259,4,
36,140,288.82,287.57,286.45,294.34,43,1.5,295,0,
36,140,294.2,293.33,292.34,296.46,37,4.63,290,75,
36,140,285.42,283.36,284.78,286.49,25,6.35,267,0,
36,140,283.89,281.91,276.34,285.9,34,2.24,324,0,
36,140,287.69,285.96,286.29,288.29,29,1.46,278,0,
36,140,291.03,289.5,289.11,291.58,24,2.22,217,0,
36,140,286.2,284.58,282.29,288.68,39,1.38,2,9,
36,140,284.42,282.78,276.34,285.9,45,1.8,290,72,
36,140,287.29,285.65,286.29,289.4,34,3.23,294,0,
36,140,289.74,288.16,287.34,290.33,27,5.88,349,32,
36,140,283.2,281.31,280.34,285.34,40,1.57,54,25,
36,140,281.55,280.27,278.34,283.68,40,2.25,106,81,
36,140,283.44,281.33,281.29,283.68,31,0.86,140,74,
36,140,285.97,284.33,284.11,286.58,39,2.49,155,96,
36,140,282.42,280.93,280.34,283.68,41,2.76,360,53,
36,140,280.2,279.62,273.29,281.45,54,1.35,344,1,
36,140,283.93,282.21,281.45,286.03,44,2.68,347,1,
36,140,287.53,285.89,285.29,288.25,33,2.05,24,6,
36,140,282.76,281.53,279.4,285.34,48,2.48,56,8,
36,140,280.87,279.94,273.29,280.9,53,1.74,348,7,
36,140,283.14,282.58,281.34,285.89,46,1.71,275,5,
36,140,288.51,287.17,286.29,289.22,41,1.99,241,3,
36,140,283.4,281.37,282.02,284.79,34,6.32,296,4,
36,140,281.67,279.45,278.34,283.67,44,3.76,321,0,
36,140,284.26,282.47,283.34,285.51,40,1.41,338,0,
36,140,287.21,285.48,286.11,287.6,31,1.05,184,2,
36,140,286.04,284.48,274.29,286.45,42,1.5,91,2,
36,140,281.42,280.87,272.29,281.45,43,1.46,59,36,
36,140,281.44,280.01,279.34,282.01,44,2.42,8,100,
36,140,283.56,281.83,282.11,284.4,45,1.22,329,100,
36,140,283.31,281.84,282.02,284.23,56,1.89,304,100,1.33
36,140,282.12,280.53,280.34,283.12,85,2.83,359,100,
36,140,285.79,284.68,284.29,287.14,60,2.65,341,78,
36,140,289.83,288.96,287.34,290.35,54,2.05,74,42,
36,140,285.27,284.5,280.29,287.56,75,1.77,142,100,
36,140,284.11,283.25,277.29,285.34,76,2.34,114,74,
36,140,288.22,287.3,285.34,291.34,58,2.71,266,0,
36,140,293.97,292.94,290.44,294.92,32,5.26,299,0,
36,140,284.91,283.11,283.29,285.47,37,5.61,335,0,
36,140,283.27,281.36,279.34,285.34,39,3.28,305,0,
36,140,287.42,285.79,286.29,288.72,34,3.24,297,0,
36,140,290.53,289.32,289.29,290.89,38,3.14,201,0,
36,140,288.4,287.05,278.29,289.23,41,1.59,127,71,
36,140,284.6,283.18,277.29,284.79,53,0.76,26,59,
36,140,286.25,284.71,284.79,289.22,42,1.39,271,0,
36,140,292.34,291.12,289.11,293.29,31,0.51,122,0,
36,140,286.98,285.41,284.34,288.68,38,1.62,6,53,
36,140,284.6,283.11,276.29,284.79,50,1.74,333,83,
36,140,287.91,286.41,286.45,290.51,37,1.73,334,0,
36,140,293.64,292.55,291.11,294.4,31,0.19,144,0,
36,140,287.89,287.12,280.29,290.9,65,1.73,7,100,
36,140,286.1,285.41,282.29,287.56,75,3.11,354,100,
36,140,287.58,287.09,286.34,288.29,77,4.15,49,100,
36,140,287.88,287.42,287.25,288.81,77,5.66,40,75,
36,140,286.86,286.35,285.89,288.12,79,3.8,73,100,0.15
36,140,283.42,282.9,282.29,284.4,92,1.74,61,100,1.54
36,140,284.21,283.98,283.28,285.51,100,1.54,350,75,
36,140,287.9,287.26,286.55,288.72,70,3.11,3,100,
36,140,286.22,285.46,283.29,286.58,72,2.97,41,100,0.32
36,140,283.64,282.34,281.34,285.9,61,2.65,90,94,
36,140,285.72,284.21,283.29,285.94,45,0.68,110,0,
36,140,289.25,287.46,287.29,290.33,21,1.63,313,0,
36,140,284.39,282.61,277.29,286.45,40,1.16,331,50,
36,140,282.28,282.28,275.29,284.23,44,0.55,275,85,
36,140,283.94,282.22,282.34,286.44,44,2.18,358,100,
36,140,288.56,287.23,286.29,289.22,41,1.68,56,20,
36,140,284.49,283.38,283.25,284.92,65,1.87,4,100,
36,140,283.23,282.02,282.29,284.4,66,1.92,333,100,
36,140,284.42,283.06,282.29,285.34,56,0.67,331,100,
36,140,285.02,283.83,284.11,286.07,60,1.9,226,96,
36,140,286.65,285.96,282.29,292.34,73,2.57,243,100,
36,140,292.65,292.88,290.51,294.34,85,1.74,356,100,0.64
36,140,289.56,289.29,287.56,292.18,78,1.67,78,100,
36,140,295.04,294.98,293.69,297.34,65,1.41,133,62,
36,140,292.75,292.25,291.03,293.68,57,6,204,100,
36,140,289.23,287.96,288.67,291.34,41,3.74,318,50,
36,140,286.07,283.94,284.29,287,20,9.69,315,41,
36,140,285.65,283.5,284.29,285.91,21,7.87,339,39,
36,140,280.43,276.76,278.34,281.03,28,6.51,335,4,
36,140,280.03,277.03,277.34,281.45,31,4.58,336,4,
36,140,282.45,279.78,280.12,284.24,24,5.23,314,1,
36,140,285.51,283.43,283.29,286.07,24,4.42,307,32,
36,140,280.06,278.2,274.29,282.01,36,2.65,59,80,
36,140,278.64,277.14,275.29,279.79,37,1.95,356,100,
36,140,280.51,279.19,279.11,281.07,33,2.08,32,100,
36,140,284.01,282.51,282.29,284.36,52,2.29,102,100,
36,140,280.96,280.96,278.29,281.58,69,0.85,11,100,0.24
36,140,280.1,279.52,278.29,281.45,58,1.34,314,100,
36,140,283.31,281.24,280.34,285.89,33,2.03,288,100,
36,140,286.63,284.82,284.11,287.18,30,1.24,191,26,
36,140,283.33,281.4,280.34,285.34,38,1.28,91,0,
36,140,280.5,279.3,275.34,282.01,48,1.95,296,0,
36,140,283.75,281.75,283.12,285.35,34,0.5,232,0,
36,140,284.29,281.96,283.34,285.29,19,6.62,287,5,
36,140,280.01,275.57,277.11,282.01,18,8.6,310,7,
36,140,277.67,274.5,272.34,279.23,27,3.87,314,3,
36,140,280.99,280.23,279.11,282.18,31,1.59,146,0,
36,140,283.85,281.58,282.29,284.4,23,2.61,198,2,
36,140,279.04,275.59,276.29,280.34,35,5.02,336,0,
36,140,276.93,275.34,274.34,278.68,38,1.79,350,0,
36,140,279.7,277.26,278.34,281.49,32,3.39,298,1,
36,140,283.9,281.55,282.11,284.4,20,1.67,205,4,
36,140,280.55,279.09,272.29,282.56,30,2.25,325,99,
36,140,277.72,277.72,268.29,279.23,42,1.1,26,93,
36,140,278.67,277.53,277.29,279.4,39,1.63,353,100,
36,140,284.06,282.07,281.29,284.92,33,0.69,171,91,
36,140,280.58,278.8,272.29,280.9,39,2.67,337,7,
36,140,277.93,276.86,270.29,278.12,48,1.49,313,4,
36,140,281.9,281.26,279.89,283.13,46,1.61,333,0,
36,140,286.09,284.25,284.83,286.49,31,0.58,31,0,
36,140,279.32,277.49,276.29,279.36,62,2.43,342,3,
36,140,277.22,275.34,272.29,277.57,62,2.09,340,0,
36,140,282.19,281.22,280.34,284.27,43,2.01,284,0,
36,140,287.24,285.7,285.11,288.29,38,3.24,207,2,
36,140,283.97,282.75,275.29,284.79,63,1.84,347,0,
36,140,279.51,278.15,276.34,281.45,45,1.95,328,22,
36,140,283.47,281.73,282.66,284.8,45,1.25,129,100,
36,140,286.13,284.29,284.34,286.46,31,1.22,338,85,
36,140,281.57,280.32,276.29,283.12,39,2.22,61,100,
36,140,280.3,278.84,277.18,281.45,42,2.2,2,97,
36,140,280.51,279.52,278.22,282.57,49,1.74,10,100,
36,140,284.2,282.67,282.29,284.22,50,1.77,85,92,
36,140,279.16,279.16,274.29,281.49,58,1.15,3,1,
36,140,279.11,277.6,275.34,279.23,55,2.04,318,1,
36,140,283.57,281.66,280.44,284.36,38,2.65,331,0,
36,140,288.29,286.59,288.16,288.29,28,0.88,131,0,
36,140,283.38,281.53,276.34,285.34,41,1.45,272,3,
36,140,279.85,278.28,277.34,280.9,60,2.24,337,3,
36,140,282.85,281.95,282.01,284.4,45,2.05,333,5,
36,140,288.15,286.75,286.11,289.33,40,0.69,152,4,
36,140,281.62,281.62,279.29,283.16,53,0.59,241,14,
36,140,281.69,280.77,277.29,282.56,60,1.86,287,85,
36,140,282.19,282.19,280.34,282.69,80,1.11,330,100,
36,140,287.01,285.73,285.11,287.69,49,0.56,38,68,
36,140,283.37,282.38,282.29,284.34,74,4.23,342,95,
36,140,283.7,282.3,279.29,285.34,57,3.7,311,94,
36,140,284.3,282.38,283.11,285.35,35,4.9,354,6,
36,140,286.24,284.23,284.29,287.02,24,1.16,309,3,
36,140,281.15,279.34,277.34,283.68,46,2.87,65,5,
36,140,279.04,277.79,272.29,279.23,49,1.77,344,23,
36,140,281.16,279.88,280.29,282.55,44,2.17,304,46,
36,140,282.03,282.03,281,283.25,64,0.46,154,86,
36,140,280.67,279.39,277.29,282.56,59,2.07,327,1,
36,140,278.57,277.52,274.34,279.79,62,1.54,328,3,
36,140,281.21,280.11,279.89,282.18,48,1.97,329,100,
36,140,285.01,283.58,283.72,286.07,51,1.31,111,100,
36,140,281.97,281.59,280.29,283.16,59,1.38,267,98,0.17
36,140,281.74,281.38,279.33,283.12,66,1.34,260,98,
36,140,283.92,282.25,281.29,285.47,46,4.41,339,100,
36,140,287.93,286.19,286.29,288.29,28,5.85,360,75,
36,140,281.95,281.49,279.22,284.23,43,1.45,61,0,
36,140,280.62,280.62,270.29,280.9,49,0.81,131,1,
36,140,280.72,280.72,279.79,283.29,44,0.6,321,9,
36,140,285.51,283.82,284.11,288.34,39,2.07,239,2,
36,140,282.3,281.51,280.47,284.23,48,1.82,340,0,
36,140,281.77,280.92,271.29,282.01,50,1.8,336,0,
36,140,283.2,281.15,280.9,285.91,34,1.7,290,0,
36,140,289.11,287.47,288.11,290.34,27,1.34,161,0,
36,140,284.43,282.58,282,287.01,37,1.68,350,55,
36,140,282.88,282.52,275.29,283.68,50,1.47,272,5,
36,140,283.42,281.36,281.07,284.8,33,4.87,22,0,
36,140,283.89,281.86,282.29,284.4,32,1.48,141,52,
36,140,281.39,278.59,278.74,283.68,39,4.88,287,0,
36,140,278.87,275.34,272.29,279.79,42,5.11,325,1,
36,140,280,276.37,278.29,280.51,29,6.07,309,0,
36,140,283.8,281.44,281.29,284.92,20,4.83,316,2,
36,140,278.05,278.05,272.29,280.9,32,0.92,58,6,
36,140,276.65,274.62,270.29,278.12,36,2.14,349,56,
36,140,278.56,277.01,278.11,280.35,34,1.99,296,6,
36,140,283.33,281.21,282.11,284.83,31,2.03,225,2,
36,140,280.12,279.54,273.34,282.01,35,1.34,336,0,
36,140,279.19,278.06,269.29,279.79,29,1.69,303,5,
36,140,280.46,278.79,278.74,283.29,38,2.5,338,4,
36,140,285.41,283.58,284.89,286.29,34,1.68,16,37,
36,140,280.01,278.15,277.29,281.03,40,2.64,26,91,
36,140,277.83,274.49,275.29,279.23,42,4.22,39,95,
36,140,278.62,275.13,277.6,279.34,47,4.89,8,100,
36,140,280.93,278.37,279.85,282.18,48,4.1,35,100,
36,140,278.92,277.66,276.34,280.51,54,1.77,336,5,
36,140,277.37,276,270.29,277.56,37,1.66,317,3,
36,140,278.48,276.76,277.56,282.14,32,2.14,279,0,
36,140,287.59,285.56,286.03,287.62,18,1.64,197,8,
36,140,282.38,281.33,279.85,284.79,43,2.14,29,0,
36,140,278.95,278.95,271.29,281.45,55,0.77,59,43,
36,140,281.65,280.95,280.29,283.11,43,1.63,45,100,
36,140,283.58,281.83,282.34,284.27,44,2.56,70,100,
36,140,276.49,272.55,273.29,278.12,47,4.74,3,3,
36,140,276.16,276.16,272.34,277.56,49,0.94,346,0,
36,140,278.81,277.5,278.11,279.83,39,1.8,225,0,
36,140,285.08,283.5,282.29,285.9,45,6.24,179,2,
36,140,282.79,281.41,279.34,283.16,45,2.7,250,100,
36,140,278.32,278.32,272.29,284.34,42,1.1,274,18,
36,140,282.31,281.38,281.34,282.6,39,1.98,333,6,
36,140,284.36,282.08,282.6,284.82,21,6.6,320,19,
36,140,278.07,272.1,275.29,279.79,30,12.16,334,0,
36,140,275.76,270.67,273.67,277.56,34,6.8,322,0,
36,140,277.3,273.36,276.25,279.8,48,5.14,280,20,
36,140,280.16,275.79,277.29,281.58,27,8.51,309,21,
36,140,278.12,278.12,272.29,279.79,33,0.63,218,0,
36,140,277.24,274.46,275.34,278.16,42,3.14,305,0,
36,140,279.82,278.43,278.29,281.34,37,2.04,305,1,
36,140,285.81,283.84,283.11,285.96,27,1.31,200,0,
36,140,281.59,281.15,274.29,284.23,44,1.39,12,100,
36,140,277.8,276.15,275.29,279.27,35,1.96,342,79,
36,140,282.38,281.52,280.96,284.83,27,1.91,287,22,
36,140,287.21,285.12,285.38,288.74,17,0.59,162,70,
36,140,283.42,281.21,280.96,285.9,27,2,349,100,
36,140,281.64,281.09,279.29,283.12,41,1.49,344,99,
36,140,284.36,282.97,283.34,286.07,55,2.28,54,100,
36,140,287.05,285.54,284.29,287.59,40,3.08,78,100,
36,140,281.48,279.11,280.96,282.6,47,3.98,50,100,
36,140,280.13,278.02,278.29,280.51,46,3.02,31,100,
36,140,280.89,278.74,278.74,282.34,51,3.33,26,100,
36,140,280.65,278.31,278.81,282.18,67,3.57,57,100,0.19
36,140,279.15,276.7,277.07,280.51,80,3.23,6,100,0.11
36,140,278.57,275.33,277.07,279.79,89,4.36,349,100,0.42
36,140,280.01,279.19,278.74,287.34,98,1.52,30,100,0.99
36,140,283.68,282.93,282.34,284.4,82,6.98,289,100,
36,140,283.79,282.69,283.15,285.47,68,8.37,11,7,
36,140,280.8,277.93,280.29,282.05,68,4.71,29,44,
36,140,284.22,283.31,283.74,285.44,74,2.91,26,100,
36,140,287.03,286.09,285.96,287.34,62,3.09,90,75,
36,140,285.13,284.63,282.62,286.45,86,1.88,177,100,
36,140,281.29,280.11,279.29,282.6,83,2.07,272,54,
36,140,283.64,282.05,281.29,284.92,50,2.32,25,100,
36,140,285.83,284.56,284.29,287.14,54,2.57,70,75,
36,140,280.08,278.55,277.66,282.69,74,2.24,358,100,1.5
36,140,277.4,272.89,276.34,278.72,29,6.5,286,60,
36,140,278.82,274.63,277.25,281.46,38,6.69,290,20,
36,140,281.32,277.39,279.11,282.57,16,8.18,303,45,
36,140,276,271.24,274.85,277.05,31,6.17,284,0,
36,140,274.83,269.99,273.29,276.49,30,5.66,295,0,
36,140,279.69,275.4,278.12,280.51,25,7.75,295,0,
36,140,281.77,277.89,280.29,282.57,23,8.52,322,2,
36,140,276.97,272.11,275.29,277.69,29,7.1,302,0,
36,140,276.99,272.92,275.34,278.68,31,5.23,300,0,
36,140,280.98,277.28,280.9,281.49,26,7.08,277,0,
36,140,285.25,283.09,282.62,286.07,22,6.66,294,0,
36,140,278.25,274.93,277.18,278.81,33,4.37,316,0,
36,140,277.17,274.34,274.4,279.23,44,3.19,313,0,
36,140,281.47,279.61,280.44,282.18,35,3.05,311,0,
36,140,284.87,282.7,283.29,285.51,23,1.5,340,0,
36,140,279.13,278.37,276.29,280.38,37,1.38,27,0,
36,140,277.74,276.8,273.34,280.34,48,1.38,268,12,
36,140,279.46,277.89,279.11,279.82,43,2.16,344,20,
36,140,283.96,281.98,282.07,284.82,34,2.16,9,71,
36,140,278.62,277.85,277.18,280.38,55,1.34,43,68,
36,140,277.27,275.69,271.34,279.79,54,1.82,338,4,
36,140,281.11,281.11,279.29,283.29,45,1.24,298,0,
36,140,285.07,283.07,283.11,286.07,29,1.35,168,0,
36,140,280.78,280.04,274.29,283.12,45,1.55,123,15,
36,140,278.46,276.54,274.34,279.79,46,2.36,331,74,
36,140,281.63,280.19,279.29,284.22,42,2.48,352,0,
36,140,286.48,284.65,284.92,287.66,30,0.94,75,0,
36,140,282.03,281.07,278.34,285.34,47,1.96,78,7,
36,140,280.54,279.3,272.29,280.9,51,2,337,29,
36,140,281.54,280.69,279.34,283.29,43,1.76,298,10,
36,140,287.75,286.13,287.05,288.29,33,2.1,223,19,
36,140,285.78,284.33,280.96,287.56,47,0.55,339,93,
36,140,282.38,281.82,280.29,284.34,41,1.6,299,53,
36,140,286.8,285.27,284.34,288.29,40,2.52,348,2,
36,140,288.57,286.82,287,289.29,25,7.2,290,20,
36,140,279.57,277.13,277.62,280.9,26,3.35,356,100,
36,140,278.42,275.98,275.96,280.34,32,3,35,100,
36,140,278.32,276.84,275.4,279.79,40,1.88,117,100,
36,140,279.56,279.56,277.11,280.47,42,1.16,109,100,
36,140,279.25,277.95,275.29,281.45,43,1.85,339,90,
36,140,277.24,275.56,273.34,279.23,40,1.91,337,11,
36,140,280.5,280.5,280.34,281.07,34,1.04,65,0,
36,140,285.14,283.02,283.11,285.51,24,1.12,183,0,
36,140,280.85,279.22,277.18,283.68,38,2.54,123,68,0.26
36,140,279.49,279.49,276.29,280.9,64,0.91,22,100,
36,140,277.82,276.24,276.11,278.74,65,1.9,70,100,
36,140,281.77,280.15,278.34,283.12,56,2.77,95,100,
36,140,278.93,278.93,275.29,281.45,76,1.13,267,30,
36,140,278.06,276.93,272.29,279.79,49,1.55,357,59,
36,140,279.59,278.68,277.07,280.34,44,1.55,59,100,
36,140,274.84,271.37,273.29,276.34,94,3.39,10,100,
36,140,274.13,269.15,273.18,274.4,100,5.59,358,100,
36,140,275.09,270.87,273.74,276.07,93,4.63,348,100,
36,140,276.76,273.09,275.96,277.18,86,4.36,352,100,0.24
36,140,279.45,276.82,277.11,280.37,70,3.63,69,100,
36,140,277.09,275.81,275.89,277.6,68,1.56,45,100,
36,140,276.13,276.13,273.78,278.12,66,1.02,43,100,
36,140,278.63,277.74,276.51,282,40,1.43,356,6,
36,140,283.81,281.69,281.51,284.83,29,1.29,135,2,
36,140,279.62,278.12,274.34,282.56,49,2.12,102,45,
36,140,276.88,276.88,271.29,278.68,57,0.59,321,38,
36,140,279.98,278.58,277.34,282.02,48,2.07,320,100,
36,140,284.88,283,283.11,285.51,34,0.58,48,68,
36,140,279.92,278.46,274.29,282.56,52,2.13,40,100,
36,140,277.5,275.09,273.34,279.79,52,2.72,349,100,
36,140,280.54,279.38,279.29,281.07,42,1.92,21,100,
36,140,284,282.13,282.29,284.92,38,2.16,94,98,
36,140,280.11,279.25,279.29,280.94,66,1.57,85,99,
36,140,277.52,274.7,274.29,279.23,76,3.28,347,100,0.38
36,140,280.33,278.83,278.18,283.29,65,2.26,338,100,
36,140,285.74,284.1,283.29,287.18,40,1.84,212,72,
36,140,282.56,280.26,278.34,285.34,61,4.36,13,48,
36,140,279.36,276.28,275.34,281.45,42,4.41,318,4,
36,140,282.34,282.34,281.29,283.13,38,0.95,98,22,
36,140,285.71,283.62,283.34,286.58,23,1.87,131,64,
36,140,281.05,278.93,278.29,282.6,56,3.34,75,97,0.56
36,140,277.68,274.91,275.96,278.29,62,3.25,29,100,0.31
36,140,281.28,279.16,280.34,281.49,52,3.43,358,97,
36,140,286.14,284.15,283.34,286.58,25,2.59,20,17,
36,140,281.96,280.99,274.29,284.23,37,1.96,172,2,
36,140,278.69,277.64,275.34,280.34,40,1.56,326,0,
36,140,281.83,280.88,280.34,284.22,40,1.92,238,0,
36,140,290.04,288.59,288.74,290.91,31,1.57,256,0,
36,140,284.23,282.31,280.96,285.94,35,1.51,341,0,
36,140,280.62,279.81,274.29,282.56,35,1.59,345,0,
36,140,283.99,281.94,282.62,287.18,31,2.07,309,0,
36,140,291.32,289.66,290.94,291.58,18,1.82,260,15,
36,140,286.07,284.33,280.29,289.23,35,0.49,100,100,
36,140,283.13,283.13,275.29,285.34,30,1.1,340,35,
36,140,286.56,284.74,284.29,288.72,30,1.31,252,81,
36,140,292.87,292.31,291.11,293.74,54,7.14,209,56,
36,140,290.38,289.93,289.29,291.45,68,11.25,201,100,
36,140,287.16,286.18,286.29,288.34,60,7.76,304,99,0.25
36,140,283.97,281.81,282.07,286.07,27,5.47,345,100,
36,140,286.43,284.41,283.29,287.6,23,2.98,74,43,
36,140,280.76,278.05,279.85,281.49,44,4.33,78,56,
36,140,278.5,276.13,276.34,280.34,47,2.93,20,53,
36,140,282.52,281.25,280.96,284.4,50,2.47,38,70,
36,140,286.77,285.39,285.11,287.59,46,4.06,87,41,
36,140,284.13,282.85,281.29,284.82,60,2.95,72,100,
36,140,284.46,283.34,280.29,286.45,65,1.8,22,99,
36,140,286.89,285.78,286.11,287.34,56,0.69,290,52,
36,140,291.53,290.6,290.11,292.04,45,3.84,200,22,
36,140,287.28,286.42,283.29,290.34,64,3.89,172,8,
36,140,285.77,284.89,284.34,287.6,69,4.55,171,51,
36,140,290.52,290.06,289.8,291.07,67,6.48,184,100,
36,140,290.13,289.63,288.11,291.34,67,8.38,191,96,
36,140,289.96,289.76,288.69,290.9,79,10.63,195,100,
36,140,289.72,289.7,289.26,291.07,87,9.54,202,100,
36,140,292.15,291.8,290.94,294.4,65,1.9,304,83,
36,140,296.29,295.83,293.11,297.56,45,0.96,21,89,
36,140,288.28,287.6,286.29,289.27,67,6.02,79,100,
36,140,284.46,283.53,283.18,284.92,72,5.92,70,100,
36,140,281.23,278.45,279.29,282.34,75,4.74,38,100,0.44
36,140,281.67,279.62,279.89,282.14,74,3.45,19,100,
36,140,281.12,279.04,280.28,282.04,79,3.29,25,100,
36,140,279.89,277.14,278.18,280.93,75,4.01,53,100,
36,140,279.11,275.4,278.18,279.92,100,5.66,20,75,2.3
36,140,278.99,276.89,277.29,279.82,76,2.69,37,100,
36,140,277.11,274.97,275.96,278.29,89,2.34,44,100,
36,140,275.86,273.68,273.29,276.49,94,2.16,43,100,3.65
36,140,275.87,272.97,274.29,276.44,92,2.93,9,100,3.26
36,140,276.49,274.12,274.89,277.59,93,2.46,50,100,1.78
36,140,276.32,274.65,274.89,277.18,67,1.77,15,100,
36,140,274.45,271.73,272.29,275.94,61,2.44,68,98,
36,140,279.5,278.47,278.18,280.44,44,1.64,59,33,
36,140,283.77,281.72,281.29,284.36,32,1.54,57,40,
36,140,278.3,275.49,277.69,279.27,53,3.51,77,98,
36,140,277.78,276.11,275.34,279.79,58,1.98,21,93,
36,140,279.18,276.22,277.07,280.51,67,4.1,38,100,
36,140,278.91,276.44,276.51,281.07,78,3.19,31,100,3.16
36,140,278.25,274.69,277.07,279.23,88,4.84,327,100,0.69
36,140,278.47,275.03,277.62,278.81,91,4.71,332,100,1.95
36,140,283.12,281.01,282.62,284.24,42,4.23,353,10,
36,140,286.32,284.37,283.12,287.59,26,3.9,324,24,
36,140,279.5,275.96,277.29,279.92,34,5.49,313,0,
36,140,278.54,273.86,276,280.34,32,7.91,298,0,
36,140,281.4,277.78,279.85,282.55,23,7.21,329,6,
36,140,284.5,282.34,283.11,285.34,25,6.17,330,75,
36,140,279.57,275.84,278.22,279.92,35,6.03,308,0,
36,140,278.53,274.99,276.34,280.34,39,4.94,318,0,
36,140,282.43,280.89,280.96,284.24,32,2.85,326,65,
36,140,287.57,285.51,285.34,288.15,17,2.53,1,15,
36,140,281.31,280.2,279.29,283.68,35,2,53,0,
36,140,278.68,278.68,275.34,281.45,42,0.91,20,25,
36,140,281.52,280.71,279.85,282.55,35,1.72,63,100,
36,140,284.98,283.47,283.29,285.93,48,3.1,98,100,
36,140,281.14,279.7,279.29,282.14,83,2.36,340,100,3.1
36,140,280.26,277.82,278.13,281.45,93,3.6,4,100,3.11
36,140,280.94,278.38,279.34,282.05,87,4.12,280,75,
36,140,289.29,287.82,288.72,289.8,33,5.14,300,20,
36,140,283.87,282.51,281.29,285.94,58,2,290,100,
36,140,280.62,277.37,278.74,281.48,33,5.49,337,73,
36,140,279.97,276.66,278.18,281.46,20,5.23,312,100,
36,140,282.85,281.45,280.96,284.23,21,2.75,288,100,
36,140,279.94,277.2,276.29,282.01,28,4.02,305,93,
36,140,277.17,275.05,274.34,279.23,31,2.33,326,45,
36,140,281.3,280.85,279.36,284.4,20,1.36,267,39,
36,140,285.91,283.84,284.11,287,23,2.78,202,4,
36,140,282.83,279.58,279.34,285.47,31,7.33,298,2,
36,140,279.55,278.81,276.29,282.01,34,1.41,226,1,
36,140,283.63,281.62,283.12,284.83,34,2.85,343,0,
36,140,288.68,286.84,284.92,289.8,21,3.99,342,37,
36,140,282.96,281.28,280.34,285.34,43,3.28,55,100,
36,140,280.19,279.28,275.29,282.56,42,1.62,83,100,
36,140,281.58,280.03,279.92,282.14,78,2.61,96,100,
36,140,279.86,277.94,279.28,280.47,92,2.68,43,100,1.75
36,140,278.48,275.61,277.29,279.34,92,3.66,356,100,4.86
36,140,276.23,271.27,273.74,278.34,95,6.82,9,100,1.88
36,140,278.27,274.52,276.51,279.4,86,5.25,353,100,
36,140,281.55,279.41,279.33,282.6,72,3.56,17,100,
36,140,280.55,278.84,279.29,281.03,74,2.57,35,100,
36,140,278.92,276.83,277.11,279.83,60,2.67,56,100,
36,140,281.03,279.85,279.27,281.48,42,2.03,47,30,
36,140,284.11,282.04,281.29,285.91,30,3.65,89,31,
36,140,280.33,278.55,278.78,280.94,55,2.61,92,100,
36,140,276.84,274.66,274.85,277.69,93,2.33,25,100,3.65
36,140,276.37,272.79,274.33,277.59,94,4.05,9,100,1.63
36,140,282.2,280.91,281,282.62,72,2.41,62,100,
36,140,279.39,276.72,277.11,280.38,75,3.67,38,100,0.97
36,140,276.44,273.98,273.29,278.16,84,2.55,348,75,
36,140,281.31,277.26,279.29,283.29,26,8.62,311,0,
36,140,284.09,281.79,282.07,285.33,21,8.4,332,25,
36,140,277.92,273.33,277.07,278.72,29,7.11,314,18,
36,140,276.37,272.85,271.29,278.68,35,3.95,319,0,
36,140,281.38,280.33,280.34,283.13,32,1.95,317,0,
36,140,285.9,283.65,283.74,287.02,16,4.22,320,0,
36,140,279.96,277.91,275.29,282.01,33,2.88,38,25,
36,140,277.65,276.41,275.34,279.79,43,1.59,358,45,
36,140,281.33,280.29,279.85,283.69,36,1.92,17,100,
36,140,286.98,285.33,286.29,287.14,35,1.73,207,45,
36,140,284.06,282.56,280.29,285.9,52,2.53,142,100,
36,140,282.32,281.03,280.89,283.68,50,2.45,215,100,0.53
36,140,280.77,278.45,279.28,282.56,61,3.58,215,100,2.37
36,140,283.9,283.43,282.11,285.34,92,3,149,100,4.47
36,140,281.01,277.73,279.89,282.01,81,5.84,328,100,
36,140,282.15,280.03,278.29,283.68,56,3.79,308,100,
36,140,283.47,281.29,282.07,284.8,28,8.22,313,0,
36,140,286.36,284.47,285.25,287.56,28,7.2,290,20,
36,140,281.2,281.2,279.29,282.56,31,0.73,38,100,
36,140,279.06,278.02,276.34,281.45,39,1.59,321,100,
36,140,283.83,281.79,283.34,285.38,32,1.88,255,7,
36,140,288.12,286.35,287.6,289.29,26,2.98,213,4,
36,140,284.67,282.97,279.29,287.01,42,2.68,61,6,
36,140,281.52,280.69,277.34,283.68,49,1.74,285,2,
36,140,286.91,285.2,286.34,288.25,33,2.87,239,0,
36,140,289.9,288.52,288.11,292.01,34,5.23,204,1,
36,140,285.87,284.5,280.29,288.68,50,2.08,242,0,
36,140,285.02,283.05,283.71,287.01,30,7.09,297,0,
36,140,290.83,289.23,290.38,291.58,22,3.69,334,0,
36,140,292.18,290.43,288.34,294.24,11,0.36,71,0,
36,140,286.68,285.58,280.29,289.23,57,3.55,137,1,
36,140,285.64,284.98,283.69,287.01,78,3.95,182,65,
36,140,289.68,288.64,288.29,291.58,48,4.03,219,15,
36,140,293.98,292.93,291.11,295.9,31,3.98,213,36,
36,140,290.93,289.78,289.33,293.12,39,3.39,304,86,
36,140,284.97,283.17,282.62,285.51,37,4.19,353,100,
36,140,283.84,281.67,282.62,285.51,27,9.26,280,20,
36,140,285.44,283.25,283.18,286.45,20,12.61,330,0,
36,140,279.5,275.14,277.07,281.45,31,7.8,305,0,
36,140,278.49,275.36,274.34,280.34,33,4.12,328,5,
36,140,282.76,282.25,280.34,284.4,27,1.6,166,100,
36,140,285.34,283.19,284.11,285.96,22,1.54,130,75,
36,140,283.22,281.56,279.29,284.79,49,3.86,189,97,
36,140,280.51,278.75,279.4,281.49,60,2.63,256,17,
36,140,285.02,283.36,283.12,289.4,42,3.34,261,1,
36,140,285.45,284.3,282.29,286.45,60,6.42,24,39,
36,140,279.12,275.17,278.18,279.83,36,6.29,301,100,
36,140,277.77,272.93,275.96,279.23,32,7.69,298,53,
36,140,280.71,278.17,279.85,281.58,29,3.96,329,100,
36,140,283.28,281.11,282.07,284.92,29,2.06,300,75,
36,140,278.03,274.68,275.29,278.81,23,4.32,329,100,
36,140,276.65,272.58,274.92,278.12,24,5.06,329,21,
36,140,281.79,279.01,280.34,283.67,17,5.08,332,0,
36,140,285.41,283.06,283.12,286.58,14,5.51,332,11,
36,140,281.75,280.04,275.29,283.68,29,2.9,82,15,
36,140,279.63,278.71,272.29,280.9,35,1.56,55,44,
36,140,279.79,278.88,277.34,279.79,36,1.57,216,100,2.37
36,140,281.94,279.51,278.29,282.69,66,4.33,212,100,
36,140,279.23,278.27,276.29,280.38,62,1.55,343,11,
36,140,278.74,278.74,273.29,280.9,69,0.93,197,17,
36,140,284.43,283.05,283.12,285.51,55,0.85,207,100,
36,140,289.24,288.34,288.16,289.79,55,2.22,167,100,0.34
36,140,285.41,284.7,284.33,286.07,77,1.31,142,100,
36,140,284.81,284.2,283.78,285.51,83,1.54,47,100,
36,140,285.54,285.11,283.81,286.45,87,1.43,360,100,1.95
36,140,286.15,285.78,284.83,287.34,87,1.84,337,100,
36,140,285.66,285.21,284.29,286.07,86,1.18,331,100,
36,140,284.84,284.28,283.18,285.51,85,2.62,34,100,2.32
36,140,283.89,283.45,283.13,284.4,93,2.6,49,100,3.16
36,140,284.34,283.94,282.62,285.51,93,4.63,30,75,3.45
36,140,279.85,276.29,277.29,280.47,83,5.77,12,100,2.05
36,140,280.29,278.29,279.29,281.49,66,2.9,4,98,
36,140,284.97,283.49,284.12,286.07,49,1.94,20,6,
36,140,289.66,287.94,287.34,290.37,22,3.25,21,7,
36,140,284.24,282.81,279.29,287.01,54,3.47,109,35,
36,140,281.98,280.15,278.34,284.23,39,3.17,78,77,
36,140,284.85,283.49,283.72,286.34,54,2.06,40,75,
36,140,287.7,286.88,286.11,288.29,64,2.49,178,100,0.42
36,140,286.75,285.94,284.29,287.56,68,5.63,164,100,1.53
36,140,286.87,286.33,285.47,288.29,78,8.2,175,100,0.77
36,140,288.9,288.72,288.11,289.4,84,12.52,184,100,2.05
36,140,293.23,293.59,292.25,294.36,88,4.12,210,75,
36,140,288.69,288.65,287.11,289.92,90,2.13,69,0,
36,140,285.85,285.6,283.28,289.23,93,0.29,81,0,
36,140,293.89,292.91,291.51,294.92,34,3.34,311,0,
36,140,298.4,297.45,294.29,299.26,18,1.79,182,21,
36,140,290.3,289.87,287.66,292.05,69,5.26,90,100,
36,140,287.98,287.56,286.07,289.89,78,1.53,243,86,
36,140,293.77,292.83,293.12,298.34,36,1.31,288,0,
36,140,299.08,298.46,294.11,302.57,28,3.22,155,67,
36,140,290.05,289.39,288.78,290.51,61,5.41,67,99,
36,140,288.72,288.24,287.11,289.27,73,3.11,41,100,1.69
36,140,287.6,287.01,286.29,288.11,73,3.38,71,100,
36,140,291.24,290.44,289.29,292.14,51,4.63,100,20,
36,140,286.61,285.79,283.29,289.23,68,2.94,145,1,
36,140,283.84,282.19,280.34,285.9,47,2.48,273,1,
36,140,288.98,287.3,288.11,290.38,26,1.72,291,0,
36,140,292.37,291.26,290.11,293.29,35,5.43,200,48,
36,140,288.63,287.83,286.29,289.27,61,1.15,99,100,
36,140,287.84,286.98,283.34,289.79,62,1.71,34,100,
36,140,289.94,289.06,288.67,291.07,53,1.82,165,100,0.26
36,140,288.3,287.86,287.29,288.71,76,4.11,197,100,5.96
36,140,286.28,286,284.85,287.18,90,2.85,53,100,0.12
36,140,286.09,285.84,284.29,287.18,92,3.41,323,100,1.51
36,140,289.81,289.72,287.34,290.47,84,0.84,108,100,
36,140,291.32,291.23,289.92,293.29,78,1.25,220,100,0.71
36,140,290.11,290.05,287.29,290.94,84,1.29,141,100,
36,140,286.55,285.98,285.29,287.05,78,4.26,76,100,0.62
36,140,283.69,283.07,282.25,285.34,87,4.63,40,75,
36,140,285.87,284.82,285.11,286.34,62,3.21,64,100,1.94
36,140,284.68,283.79,282.62,285.51,73,2.16,22,100,
36,140,283.66,282.8,281.29,284.26,78,1.67,11,100,
36,140,286.26,285.74,283.22,287.04,81,2.66,358,100,
36,140,288.26,287.81,286.55,288.72,76,1.98,359,100,
36,140,287.09,286.84,286,288.29,88,0.34,30,100,
36,140,287.52,287.44,285.96,288.68,93,1.97,323,100,0.13
36,140,291.32,291.02,289.89,291.51,70,1.61,84,100,
36,140,296.17,296.25,291.29,296.51,66,3.22,113,99,
36,140,290.57,290.67,287.29,292.05,88,2.22,113,99,
36,140,288.98,289.2,287.29,290.51,99,1.64,79,85,
36,140,293.25,293.4,292.28,295.51,80,1.54,69,100,
36,140,294.89,294.76,292.11,295.9,63,3.03,118,100,0.44
36,140,291.68,291.89,290.29,292.6,88,1.48,57,100,
36,140,290.62,290.9,289.85,291.07,95,2.79,96,100,0.75
36,140,293.19,293.7,292.11,294.34,94,4.63,170,75,7.49
36,140,287.35,287.12,284.89,288.81,88,3.09,320,75,0.14
36,140,285.76,284.7,283.29,287.14,62,1.06,64,100,
36,140,282.28,280.18,280.4,283.68,46,3.8,4,89,
36,140,286.25,284.24,284.85,288.13,24,2.36,76,0,
36,140,289.48,287.77,287.29,291.46,23,4.5,108,0,
36,140,284.47,282.88,280.29,287.01,47,2.9,127,100,
36,140,282.94,282.94,279.4,285.34,56,1.32,70,91,
36,140,288.6,287.3,287.07,291.07,42,2.49,161,100,
36,140,292.28,291.14,289.29,292.59,34,3.91,147,92,
36,140,287.88,286.79,286.29,288.72,53,3.26,136,100,
36,140,287.89,287.12,284.29,289.23,65,2.04,107,100,
36,140,291.05,290.25,289.29,293.13,52,2.52,58,100,
36,140,291.24,291.12,289.25,293.12,77,5.66,40,75,
36,140,288.57,288.1,286.51,290.9,74,2.87,36,100,
36,140,286.23,285.63,285.34,288.12,78,1.97,8,77,
36,140,291.14,290.33,290.11,292.05,51,2.97,50,100,
36,140,294.54,293.88,292.29,296.46,44,6.09,97,97,
36,140,289.56,289.08,285.51,292.01,70,2.92,83,98,
36,140,287.83,287.55,283.29,290.34,84,1.4,98,41,
36,140,294.15,293.43,293.12,295.91,43,0.55,188,0,
36,140,297.01,296.31,292.34,299.23,33,4.49,165,0,
36,140,291.01,290.37,287.29,293.68,58,2.03,173,34,
36,140,291.85,291.26,289.29,293.81,57,2.3,205,0,
36,140,298.38,297.9,297.56,300.51,36,2.61,183,2,
36,140,299.43,299.43,297.34,300.51,32,3.81,206,9,
36,140,292.06,291.44,287.34,294.79,55,4.69,180,100,
36,140,290.4,290.03,285.34,292.01,71,4.22,175,100,
36,140,293.56,293.3,291.51,294.92,63,4.63,190,75,
36,140,295.59,295.17,293.11,298.29,49,7.86,187,100,
36,140,291.66,291.47,290.51,292.6,73,6.48,185,6,
36,140,291.94,291.65,289.29,293.68,68,5.67,197,64,
36,140,295.44,295.29,293.34,296.07,60,4.12,210,75,
36,140,299.09,299.02,296.34,299.79,49,6.49,82,43,
36,140,292.13,291.6,288.29,293.16,58,3.57,81,98,
36,140,291.18,290.4,286.29,293.68,52,2.71,56,100,
36,140,294.3,293.75,292.34,294.82,49,3.72,75,100,
36,140,292.58,292.17,291.29,293.16,61,4.9,90,100,3.92
36,140,288.76,288.54,287.11,289.36,83,5.05,15,100,4.86
36,140,288.93,288.47,286,290.34,73,2.61,355,100,
36,140,293.27,292.25,292.07,294.4,35,7.55,314,4,
36,140,296.86,295.99,295.11,297.18,27,6.64,291,8,
36,140,291.7,290.45,288.29,293.68,32,6.03,298,0,
36,140,289.4,288.15,285.34,290.9,41,3.33,284,32,
36,140,295.24,294.24,292.34,297.57,28,2.91,313,100,
36,140,299.85,299.05,295.29,300.4,20,3.81,234,100,
36,140,291.75,290.87,289.29,293.16,46,4.28,108,100,6.48
36,140,290.56,289.79,286.07,293.12,55,1.98,67,83,
36,140,294.49,293.78,292.11,294.89,42,0.98,154,100,0.12
36,140,296.42,295.87,292.29,297.56,41,3.25,177,100,
36,140,290.62,290.04,290.62,290.62,62,2.75,88,100,1.51
36,140,288.33,287.91,286.07,289.26,77,3.74,78,100,0.75
36,140,288.48,288.18,287.07,289.82,81,2.28,44,100,
36,140,292.03,291.98,290.96,292.69,77,3.15,62,100,
36,140,289.01,288.64,289.01,289.01,76,3.01,80,100,
36,140,288.93,288.57,287.66,289.36,77,2.23,62,100,
36,140,292.46,292.27,290.96,293.25,70,4.25,81,100,
36,140,292.84,292.48,291.34,293.68,62,4.79,70,100,1.37
36,140,290.08,289.58,288.78,290.47,67,4.14,83,100,
36,140,289.2,288.64,287.66,289.83,68,3.46,85,100,0.22
36,140,289.07,288.75,287.07,290.51,78,2.24,102,100,0.13
36,140,288.79,288.39,288.79,288.79,76,2.8,120,100,
36,140,287.45,287.36,287.45,287.45,93,4.54,8,100,2.44
36,140,287.71,287.55,286.51,288.29,89,3.71,314,100,
36,140,293.67,293.68,293.11,294.85,73,1.03,0,75,
36,140,300.35,299.91,300.35,300.35,35,0.4,115,26,
36,140,294.78,294.62,290.29,297.01,62,3.24,97,38,
36,140,290.88,290.85,286.29,292.56,82,1.46,45,59,
36,140,296.49,296.29,294.11,298.25,54,0.97,133,99,
36,140,300.45,299.85,300.45,300.45,32,4.88,145,92,0.67
36,140,294.21,294.23,291,295.9,71,3.09,160,99,
36,140,292.74,292.87,290.29,294.79,81,2.39,159,97,
36,140,294.35,294.51,292.11,295.34,76,3.48,185,100,
36,140,291.97,291.79,291.97,291.97,72,2.94,104,100,
36,140,292.15,292.06,292.15,292.15,75,1,31,100,
36,140,289.8,289.61,287.11,291.49,80,0.59,57,28,
36,140,298.13,297.91,298.13,298.13,47,0.88,316,0,
36,140,302.77,301.23,302.77,302.77,24,3.07,180,1,
36,140,295.03,294.97,295.03,295.03,65,3.61,181,100,
36,140,292.79,292.74,288.29,295.34,74,2.78,170,94,
36,140,298.01,297.86,297.56,299.4,50,4.09,188,100,
36,140,297.61,297.16,295.11,299.36,40,6.29,187,100,
36,140,294.14,294.2,292.11,295.34,73,4.06,162,100,
36,140,292.61,292.62,290.51,293.16,77,3.46,166,100,
36,140,294.88,295.15,292.69,295.93,78,3.6,170,75,
36,140,296.01,296.05,295.29,297.11,65,0.87,140,97,
36,140,296,296.4,291.07,297.56,79,1.22,157,26,
36,140,294.16,294.46,291.07,296.45,82,1.15,61,58,
36,140,290.64,290.66,289.4,292.05,85,5.03,78,100,3.13
36,140,288.14,287.97,287.11,288.81,87,6.43,66,100,2.73
36,140,285.67,285.12,284.29,286.34,82,6.16,53,100,4.21
36,140,284.96,284.29,283.74,285.47,80,4.46,25,100,4.21
36,140,290.89,290.08,290.34,291.49,52,3.32,28,82,
36,140,293.35,292.34,291.29,293.74,35,6.34,83,57,
36,140,287.99,287.15,287.34,289.27,62,1.99,80,5,
36,140,287.07,286.29,281.29,289.79,68,0.85,78,4,
36,140,293.52,292.66,292.56,294.89,40,2.35,223,0,
36,140,297.44,296.63,295.11,299.29,27,4.59,188,0,
36,140,292.19,291.79,288.29,294.23,63,3.3,185,0,
36,140,290.2,290,283.29,292.56,78,1.05,146,0,
36,140,296.2,295.63,295.34,299.33,41,0.27,112,0,
36,140,302.32,300.66,299.34,303.69,16,2.25,191,0,
36,140,294.82,294.5,290.29,297.56,56,3.68,183,0,
36,140,292.03,291.98,287.29,294.23,77,2.59,185,2,
36,140,299.15,299.15,298.12,299.92,35,5.4,191,10,
36,140,300.25,299.27,298.71,303.29,19,8.02,188,15,
36,140,293.33,292.87,291.34,294.8,56,7.67,182,35,
36,140,293,292.66,289.89,294.79,62,7.6,187,87,
36,140,296.63,296.23,295.29,297.34,46,9.95,193,100,
36,140,295.76,295.59,295.11,296.45,58,8.95,193,100,3.16
36,140,293.84,293.66,293.22,294.83,65,8.9,196,100,
36,140,293.68,293.54,292.29,294.27,67,8.47,192,100,3.55
36,140,293.88,293.91,292.07,295.34,73,7.84,196,100,3.35
36,140,292.53,292.56,292.04,293.29,78,8.29,186,100,0.36
36,140,293.91,294.16,292.07,294.79,81,1.78,295,100,
36,140,292.2,292.38,289.29,294.23,85,1.97,9,100,
36,140,293.39,293.58,292.29,293.74,81,2.32,80,100,
36,140,294.97,294.77,294.12,296.11,60,4.54,61,100,
36,140,286.84,286.38,284.29,288.34,81,3.39,48,100,1.54
36,140,284.55,283.83,282.62,285.37,80,3.52,21,100,1.01
36,140,285.03,284.26,284.28,286.11,76,3.09,360,75,
36,140,290.75,289.9,289.29,291.48,51,2.57,60,40,
36,140,288.07,287.24,286.51,289.27,62,0.99,145,0,
36,140,285.39,283.82,279.29,288.12,44,1.72,263,0,
36,140,293.32,291.97,292.56,295.38,22,2.91,212,0,
36,140,296.71,295.9,294.11,298.68,30,6.28,188,3,
36,140,292.53,292.25,289.29,294.23,66,4.32,172,21,
36,140,291.01,290.6,287.34,292.56,67,3.6,187,8,
36,140,296.19,295.44,295.9,297.11,34,6.42,191,12,
36,140,297.62,297.19,295.11,300.51,41,8.19,184,9,
36,140,293.08,292.75,291,294.79,62,7.95,181,60,
36,140,292.15,291.72,288.29,294.23,62,6.35,189,84,
36,140,296.77,296.39,293.29,297.56,46,9.13,194,100,
36,140,296.52,296.4,295.93,297.56,57,9.85,188,100,
36,140,294.07,294.02,293.22,294.83,69,7.72,185,100,
36,140,292.37,292.57,292.04,293.34,85,5.41,181,100,5.01
36,140,294.78,295.45,294.11,296.45,94,5.66,190,75,6.68
36,140,293.18,293.56,290.96,294.4,89,4.4,314,100,5.62
36,140,289.79,289.83,287.18,290.47,89,3.16,57,100,
36,140,287.66,287.15,285.44,288.72,76,1.86,65,100,
36,140,292.44,291.65,290.51,293.67,47,3.79,55,100,
36,140,294.41,293.66,291.07,296.46,41,5.42,67,100,
36,140,289.35,288.91,287.66,290.38,72,2.99,60,5,
36,140,288.96,288.69,283.29,292.01,80,1.03,44,82,
36,140,295.07,294.65,294.11,296.49,51,1.49,110,40,
36,140,298.47,298.05,296.34,299.33,38,3.45,174,90,
36,140,292.41,292.3,291.07,293.16,73,3.01,138,100,5.79
36,140,289.03,289.02,288.29,289.36,90,3.24,54,100,2.11
36,140,291.78,292.15,290.25,293.15,94,0.51,0,75,
36,140,297.07,297.32,295.11,298.74,69,6.17,190,40,
36,140,292.08,291.2,291.07,292.69,45,9.22,214,0,
36,140,289.97,288.96,288.29,291.49,48,1.23,173,5,
36,140,296.29,295.5,295.11,298.13,32,0.72,232,0,
36,140,299.58,299.58,299.26,301.58,23,1.64,160,12,
36,140,295.29,294.89,291.29,297.56,51,2.19,87,100,
36,140,291.85,291.53,285.29,294.23,67,2.05,14,41,
36,140,297.73,297.24,296.45,299.36,38,2.03,73,5,
36,140,302.15,300.87,298.29,303.68,27,3.33,120,20,
36,140,296.31,296.09,290.34,298.12,54,2.38,159,100,
36,140,293.89,293.64,287.34,296.45,62,0.8,147,100,
36,140,297.11,296.92,295.34,297.57,52,0.94,85,100,2.68
36,140,298.27,297.96,295.29,298.71,43,2.22,210,100,3.59
36,140,294.91,294.26,291,297.01,43,3.3,191,100,3.16
36,140,289.94,289.95,288.22,290.93,87,2.68,327,100,3.16
36,140,289.74,289.83,288.74,290.51,91,1.49,143,100,3.16
36,140,295.24,295.57,292.34,295.4,79,1.08,28,100,
36,140,293.42,293.67,289.4,295.34,83,1.19,202,100,
36,140,291.9,292,287.34,294.23,83,0.9,165,100,
36,140,297.91,297.62,295.11,300.44,45,0.4,235,100,
36,140,301.91,301.78,298.34,303.68,43,6.97,117,78,
36,140,294.65,294.66,292.18,295.47,69,4.46,93,100,2.37
36,140,292.42,291.86,290.29,293.16,56,3.84,87,100,
36,140,295.31,294.91,294.11,296.55,51,3.47,77,100,
36,140,297.65,297.2,294.29,299.79,40,2.99,147,98,
36,140,293.35,293.15,289.34,295.34,66,3.42,178,100,
36,140,292.48,292.53,287.29,294.79,79,2.58,173,100,
36,140,296.17,296.43,294.85,297.18,73,3.6,190,75,
36,140,298.58,298.41,297.34,299.24,47,5.1,191,100,
36,140,294.72,295.02,293.29,295.47,80,3.91,176,100,
36,140,293.42,293.77,289.89,295.9,87,1.33,156,100,
36,140,299.29,299.29,298.11,300.47,48,0.78,30,100,
36,140,302.85,301.56,300.94,304.23,29,4.04,184,54,
36,140,295.82,295.66,294.29,297.6,58,0.51,176,100,
36,140,294.01,293.9,291.07,295.38,67,2.38,98,83,
36,140,297.27,296.81,294.29,297.56,41,4.16,139,33,
36,140,297.24,296.67,294.29,298.22,37,4.83,146,29,
36,140,291.88,291.14,288.29,293.13,51,3.17,105,20,
36,140,292.59,291.9,288.34,294.79,50,1.88,137,87,
36,140,297.22,296.81,295.11,298.25,43,4.04,190,45,
36,140,298.53,298.17,296.29,299.8,40,6.76,196,75,
36,140,294.91,295.18,292.11,296.45,78,5.14,175,96,
36,140,294.03,294.37,292.11,295.9,84,5.24,187,83,
36,140,296.02,296.01,295.11,296.49,63,7.65,192,100,4.86
36,140,297.7,298.12,295.11,299.23,73,7.72,200,75,
36,140,295.84,296.44,295.4,296.49,87,4.31,205,100,
36,140,296.17,296.9,295.28,298.12,91,2.96,212,94,
36,140,296.73,297.55,295.11,298.12,92,3.62,204,100,3.55
36,140,297.74,298.5,294.85,299.8,86,6.36,178,100,7.11
36,140,297,297.76,296.07,297.57,89,14.2,190,100,4.86
36,140,294.93,295.12,294.29,295.51,75,3.82,265,100,
36,140,294.29,294.5,293.34,294.29,78,0.83,167,100,
36,140,298.23,298.2,295.29,299.29,54,4.55,121,75,
36,140,294.43,294.39,290.29,296.45,68,1.46,141,0,
36,140,292.26,292.21,288.29,294.79,76,1.71,167,58,
36,140,298.76,298.66,296.29,300.44,49,2.74,185,41,
36,140,300.11,301.25,298.29,301.46,61,3.6,140,75,
36,140,295.98,296.09,293.22,298.12,68,3.39,168,100,4.62
36,140,292.3,292.31,291.29,293.25,78,1.19,136,100,1.54
36,140,290.85,291.29,289.89,292.02,100,3.09,40,75,0.8
36,140,293.73,294.01,293.18,294.92,83,2.57,350,75,
36,140,293.36,293.76,290.44,294.83,89,0.41,238,100,0.18
36,140,291.25,291.36,289.29,292.05,86,1.91,105,100,0.75
36,140,295.89,295.76,295.11,296.49,59,1.91,99,76,
36,140,299.09,299.02,295.34,302.02,49,6.3,85,69,
36,140,291.85,291.76,289.33,292.6,76,4.27,75,100,
36,140,291.32,291.49,289.29,292.04,88,3.83,74,98,4.21
36,140,295.75,295.66,293.29,297.14,61,3.3,89,94,
36,140,294.15,294,292.29,296,65,4.18,166,87,2.73
36,140,290.74,290.72,289.29,291.48,83,2.71,348,100,1.46
36,140,289.7,289.71,288.18,290.37,88,2.36,355,100,
36,140,295.31,295.3,292.11,296.03,66,3.04,57,100,
36,140,297.08,297.25,295.29,297.69,66,5.23,81,97,
36,140,291.54,291.58,288.74,292.56,82,3.59,95,96,2.73
